<?xml version="1.0" encoding="UTF-8"?><?xml-stylesheet type='text/xsl' href='_UpgradeReport_Files/UpgradeReport.xslt'?><UpgradeLog>
<Properties><Property Name="Solution" Value="Data">
</Property><Property Name="Solution File" Value="E:\UJJAVAL\Project\TimeSheet\test\NarolaInfotech\Data\Data.sln">
</Property><Property Name="Date" Value="Wednesday, October 24, 2012">
</Property><Property Name="Time" Value="17:41:04 PM">
</Property></Properties><Event ErrorLevel="0" Project="Data" Source="Data.csproj" Description="Project file successfully backed up as E:\UJJAVAL\Project\TimeSheet\test\NarolaInfotech\Data\Backup\Data.csproj">
</Event><Event ErrorLevel="0" Project="Data" Source="CachingMechanism.cs" Description="File successfully backed up as E:\UJJAVAL\Project\TimeSheet\test\NarolaInfotech\Data\Backup\CachingMechanism.cs">
</Event><Event ErrorLevel="0" Project="Data" Source="Configuration\DatabaseAssemblerAttribute.cs" Description="File successfully backed up as E:\UJJAVAL\Project\TimeSheet\test\NarolaInfotech\Data\Backup\Configuration\DatabaseAssemblerAttribute.cs">
</Event><Event ErrorLevel="0" Project="Data" Source="Configuration\DatabaseSettings.cs" Description="File successfully backed up as E:\UJJAVAL\Project\TimeSheet\test\NarolaInfotech\Data\Backup\Configuration\DatabaseSettings.cs">
</Event><Event ErrorLevel="0" Project="Data" Source="Configuration\DbProviderMapping.cs" Description="File successfully backed up as E:\UJJAVAL\Project\TimeSheet\test\NarolaInfotech\Data\Backup\Configuration\DbProviderMapping.cs">
</Event><Event ErrorLevel="0" Project="Data" Source="Configuration\IDatabaseAssembler.cs" Description="File successfully backed up as E:\UJJAVAL\Project\TimeSheet\test\NarolaInfotech\Data\Backup\Configuration\IDatabaseAssembler.cs">
</Event><Event ErrorLevel="0" Project="Data" Source="Configuration\Manageability\ConnectionStringSetting.cs" Description="File successfully backed up as E:\UJJAVAL\Project\TimeSheet\test\NarolaInfotech\Data\Backup\Configuration\Manageability\ConnectionStringSetting.cs">
</Event><Event ErrorLevel="0" Project="Data" Source="Configuration\Manageability\ConnectionStringsManageabilityProvider.cs" Description="File successfully backed up as E:\UJJAVAL\Project\TimeSheet\test\NarolaInfotech\Data\Backup\Configuration\Manageability\ConnectionStringsManageabilityProvider.cs">
</Event><Event ErrorLevel="0" Project="Data" Source="Configuration\Manageability\DatabaseBlockSetting.cs" Description="File successfully backed up as E:\UJJAVAL\Project\TimeSheet\test\NarolaInfotech\Data\Backup\Configuration\Manageability\DatabaseBlockSetting.cs">
</Event><Event ErrorLevel="0" Project="Data" Source="Configuration\Manageability\DatabaseSettingsManageabilityProvider.cs" Description="File successfully backed up as E:\UJJAVAL\Project\TimeSheet\test\NarolaInfotech\Data\Backup\Configuration\Manageability\DatabaseSettingsManageabilityProvider.cs">
</Event><Event ErrorLevel="0" Project="Data" Source="Configuration\Manageability\Installer.cs" Description="File successfully backed up as E:\UJJAVAL\Project\TimeSheet\test\NarolaInfotech\Data\Backup\Configuration\Manageability\Installer.cs">
</Event><Event ErrorLevel="0" Project="Data" Source="Configuration\Manageability\OracleConnectionSetting.cs" Description="File successfully backed up as E:\UJJAVAL\Project\TimeSheet\test\NarolaInfotech\Data\Backup\Configuration\Manageability\OracleConnectionSetting.cs">
</Event><Event ErrorLevel="0" Project="Data" Source="Configuration\Manageability\OracleConnectionSettingsManageabilityProvider.cs" Description="File successfully backed up as E:\UJJAVAL\Project\TimeSheet\test\NarolaInfotech\Data\Backup\Configuration\Manageability\OracleConnectionSettingsManageabilityProvider.cs">
</Event><Event ErrorLevel="0" Project="Data" Source="Configuration\Manageability\Properties\AssemblyInfo.cs" Description="File successfully backed up as E:\UJJAVAL\Project\TimeSheet\test\NarolaInfotech\Data\Backup\Configuration\Manageability\Properties\AssemblyInfo.cs">
</Event><Event ErrorLevel="0" Project="Data" Source="Configuration\Manageability\Properties\Resources.Designer.cs" Description="File successfully backed up as E:\UJJAVAL\Project\TimeSheet\test\NarolaInfotech\Data\Backup\Configuration\Manageability\Properties\Resources.Designer.cs">
</Event><Event ErrorLevel="0" Project="Data" Source="Configuration\Manageability\ProviderMappingSetting.cs" Description="File successfully backed up as E:\UJJAVAL\Project\TimeSheet\test\NarolaInfotech\Data\Backup\Configuration\Manageability\ProviderMappingSetting.cs">
</Event><Event ErrorLevel="0" Project="Data" Source="DatabaseProviderFactory.cs" Description="File successfully backed up as E:\UJJAVAL\Project\TimeSheet\test\NarolaInfotech\Data\Backup\DatabaseProviderFactory.cs">
</Event><Event ErrorLevel="0" Project="Data" Source="GenericDatabaseAssembler.cs" Description="File successfully backed up as E:\UJJAVAL\Project\TimeSheet\test\NarolaInfotech\Data\Backup\GenericDatabaseAssembler.cs">
</Event><Event ErrorLevel="0" Project="Data" Source="Instrumentation\CommandFailedEvent.cs" Description="File successfully backed up as E:\UJJAVAL\Project\TimeSheet\test\NarolaInfotech\Data\Backup\Instrumentation\CommandFailedEvent.cs">
</Event><Event ErrorLevel="0" Project="Data" Source="Instrumentation\ConnectionFailedEvent.cs" Description="File successfully backed up as E:\UJJAVAL\Project\TimeSheet\test\NarolaInfotech\Data\Backup\Instrumentation\ConnectionFailedEvent.cs">
</Event><Event ErrorLevel="0" Project="Data" Source="Instrumentation\DataConfigurationFailureEvent.cs" Description="File successfully backed up as E:\UJJAVAL\Project\TimeSheet\test\NarolaInfotech\Data\Backup\Instrumentation\DataConfigurationFailureEvent.cs">
</Event><Event ErrorLevel="0" Project="Data" Source="Instrumentation\DataInstrumentationListenerBuilder.cs" Description="File successfully backed up as E:\UJJAVAL\Project\TimeSheet\test\NarolaInfotech\Data\Backup\Instrumentation\DataInstrumentationListenerBuilder.cs">
</Event><Event ErrorLevel="0" Project="Data" Source="Instrumentation\DataInstrumentationProvider.cs" Description="File successfully backed up as E:\UJJAVAL\Project\TimeSheet\test\NarolaInfotech\Data\Backup\Instrumentation\DataInstrumentationProvider.cs">
</Event><Event ErrorLevel="0" Project="Data" Source="Instrumentation\DataEvent.cs" Description="File successfully backed up as E:\UJJAVAL\Project\TimeSheet\test\NarolaInfotech\Data\Backup\Instrumentation\DataEvent.cs">
</Event><Event ErrorLevel="0" Project="Data" Source="Instrumentation\DefaultDataEventLogger.cs" Description="File successfully backed up as E:\UJJAVAL\Project\TimeSheet\test\NarolaInfotech\Data\Backup\Instrumentation\DefaultDataEventLogger.cs">
</Event><Event ErrorLevel="0" Project="Data" Source="Instrumentation\DefaultDataEventLoggerCustomFactory.cs" Description="File successfully backed up as E:\UJJAVAL\Project\TimeSheet\test\NarolaInfotech\Data\Backup\Instrumentation\DefaultDataEventLoggerCustomFactory.cs">
</Event><Event ErrorLevel="0" Project="Data" Source="Oracle\Configuration\OracleConnectionData.cs" Description="File successfully backed up as E:\UJJAVAL\Project\TimeSheet\test\NarolaInfotech\Data\Backup\Oracle\Configuration\OracleConnectionData.cs">
</Event><Event ErrorLevel="0" Project="Data" Source="DatabaseCustomFactory.cs" Description="File successfully backed up as E:\UJJAVAL\Project\TimeSheet\test\NarolaInfotech\Data\Backup\DatabaseCustomFactory.cs">
</Event><Event ErrorLevel="0" Project="Data" Source="Oracle\Configuration\OracleConnectionSettings.cs" Description="File successfully backed up as E:\UJJAVAL\Project\TimeSheet\test\NarolaInfotech\Data\Backup\Oracle\Configuration\OracleConnectionSettings.cs">
</Event><Event ErrorLevel="0" Project="Data" Source="Oracle\Configuration\OraclePackageData.cs" Description="File successfully backed up as E:\UJJAVAL\Project\TimeSheet\test\NarolaInfotech\Data\Backup\Oracle\Configuration\OraclePackageData.cs">
</Event><Event ErrorLevel="0" Project="Data" Source="ConnectionString.cs" Description="File successfully backed up as E:\UJJAVAL\Project\TimeSheet\test\NarolaInfotech\Data\Backup\ConnectionString.cs">
</Event><Event ErrorLevel="0" Project="Data" Source="Database.cs" Description="File successfully backed up as E:\UJJAVAL\Project\TimeSheet\test\NarolaInfotech\Data\Backup\Database.cs">
</Event><Event ErrorLevel="0" Project="Data" Source="DatabaseConfigurationView.cs" Description="File successfully backed up as E:\UJJAVAL\Project\TimeSheet\test\NarolaInfotech\Data\Backup\DatabaseConfigurationView.cs">
</Event><Event ErrorLevel="0" Project="Data" Source="DatabaseFactory.cs" Description="File successfully backed up as E:\UJJAVAL\Project\TimeSheet\test\NarolaInfotech\Data\Backup\DatabaseFactory.cs">
</Event><Event ErrorLevel="0" Project="Data" Source="DatabaseMapper.cs" Description="File successfully backed up as E:\UJJAVAL\Project\TimeSheet\test\NarolaInfotech\Data\Backup\DatabaseMapper.cs">
</Event><Event ErrorLevel="0" Project="Data" Source="GenericDatabase.cs" Description="File successfully backed up as E:\UJJAVAL\Project\TimeSheet\test\NarolaInfotech\Data\Backup\GenericDatabase.cs">
</Event><Event ErrorLevel="0" Project="Data" Source="Instrumentation\CommandExecutedEventArgs.cs" Description="File successfully backed up as E:\UJJAVAL\Project\TimeSheet\test\NarolaInfotech\Data\Backup\Instrumentation\CommandExecutedEventArgs.cs">
</Event><Event ErrorLevel="0" Project="Data" Source="Instrumentation\CommandFailedEventArgs.cs" Description="File successfully backed up as E:\UJJAVAL\Project\TimeSheet\test\NarolaInfotech\Data\Backup\Instrumentation\CommandFailedEventArgs.cs">
</Event><Event ErrorLevel="0" Project="Data" Source="Instrumentation\ConnectionFailedEventArgs.cs" Description="File successfully backed up as E:\UJJAVAL\Project\TimeSheet\test\NarolaInfotech\Data\Backup\Instrumentation\ConnectionFailedEventArgs.cs">
</Event><Event ErrorLevel="0" Project="Data" Source="Instrumentation\DataInstrumentationInstaller.cs" Description="File successfully backed up as E:\UJJAVAL\Project\TimeSheet\test\NarolaInfotech\Data\Backup\Instrumentation\DataInstrumentationInstaller.cs">
</Event><Event ErrorLevel="0" Project="Data" Source="Instrumentation\DataInstrumentationInstaller.Designer.cs" Description="File successfully backed up as E:\UJJAVAL\Project\TimeSheet\test\NarolaInfotech\Data\Backup\Instrumentation\DataInstrumentationInstaller.Designer.cs">
</Event><Event ErrorLevel="0" Project="Data" Source="Instrumentation\DataInstrumentationListener.cs" Description="File successfully backed up as E:\UJJAVAL\Project\TimeSheet\test\NarolaInfotech\Data\Backup\Instrumentation\DataInstrumentationListener.cs">
</Event><Event ErrorLevel="0" Project="Data" Source="Oracle\IOraclePackage.cs" Description="File successfully backed up as E:\UJJAVAL\Project\TimeSheet\test\NarolaInfotech\Data\Backup\Oracle\IOraclePackage.cs">
</Event><Event ErrorLevel="0" Project="Data" Source="Oracle\OracleDatabase.cs" Description="File successfully backed up as E:\UJJAVAL\Project\TimeSheet\test\NarolaInfotech\Data\Backup\Oracle\OracleDatabase.cs">
</Event><Event ErrorLevel="0" Project="Data" Source="Oracle\OracleDatabaseAssembler.cs" Description="File successfully backed up as E:\UJJAVAL\Project\TimeSheet\test\NarolaInfotech\Data\Backup\Oracle\OracleDatabaseAssembler.cs">
</Event><Event ErrorLevel="0" Project="Data" Source="Oracle\OracleDataReaderWrapper.cs" Description="File successfully backed up as E:\UJJAVAL\Project\TimeSheet\test\NarolaInfotech\Data\Backup\Oracle\OracleDataReaderWrapper.cs">
</Event><Event ErrorLevel="0" Project="Data" Source="ParameterCache.cs" Description="File successfully backed up as E:\UJJAVAL\Project\TimeSheet\test\NarolaInfotech\Data\Backup\ParameterCache.cs">
</Event><Event ErrorLevel="0" Project="Data" Source="Properties\AssemblyInfo.cs" Description="File successfully backed up as E:\UJJAVAL\Project\TimeSheet\test\NarolaInfotech\Data\Backup\Properties\AssemblyInfo.cs">
</Event><Event ErrorLevel="0" Project="Data" Source="Sql\SqlDatabase.cs" Description="File successfully backed up as E:\UJJAVAL\Project\TimeSheet\test\NarolaInfotech\Data\Backup\Sql\SqlDatabase.cs">
</Event><Event ErrorLevel="0" Project="Data" Source="Sql\SqlDatabaseAssembler.cs" Description="File successfully backed up as E:\UJJAVAL\Project\TimeSheet\test\NarolaInfotech\Data\Backup\Sql\SqlDatabaseAssembler.cs">
</Event><Event ErrorLevel="0" Project="Data" Source="TransactionScopeConnections.cs" Description="File successfully backed up as E:\UJJAVAL\Project\TimeSheet\test\NarolaInfotech\Data\Backup\TransactionScopeConnections.cs">
</Event><Event ErrorLevel="0" Project="Data" Source="UpdateBehavior.cs" Description="File successfully backed up as E:\UJJAVAL\Project\TimeSheet\test\NarolaInfotech\Data\Backup\UpdateBehavior.cs">
</Event><Event ErrorLevel="0" Project="Data" Source="Properties\Resources.Designer.cs" Description="File successfully backed up as E:\UJJAVAL\Project\TimeSheet\test\NarolaInfotech\Data\Backup\Properties\Resources.Designer.cs">
</Event><Event ErrorLevel="0" Project="Data" Source="Configuration\Manageability\Properties\Resources.resx" Description="File successfully backed up as E:\UJJAVAL\Project\TimeSheet\test\NarolaInfotech\Data\Backup\Configuration\Manageability\Properties\Resources.resx">
</Event><Event ErrorLevel="0" Project="Data" Source="Properties\Resources.resx" Description="File successfully backed up as E:\UJJAVAL\Project\TimeSheet\test\NarolaInfotech\Data\Backup\Properties\Resources.resx">
</Event><Event ErrorLevel="0" Project="Data" Source="Data.csproj" Description="Project converted successfully">
</Event><Event ErrorLevel="3" Project="Data" Source="Data.csproj" Description="Converted">
</Event><Event ErrorLevel="0" Project="Data" Source="Data.csproj" Description="Scan complete: Upgrade not required for project files.">
</Event></UpgradeLog>