<?xml version="1.0" encoding="UTF-8"?><?xml-stylesheet type='text/xsl' href='_UpgradeReport_Files/UpgradeReport.xslt'?><UpgradeLog>
<Properties><Property Name="Solution" Value="Common">
</Property><Property Name="Solution File" Value="D:\.Net FrameWork\Common\Common.sln">
</Property><Property Name="User Options File" Value="D:\.Net FrameWork\Common\Common.suo">
</Property><Property Name="Date" Value="14 April 2012">
</Property><Property Name="Time" Value="11:21 AM">
</Property></Properties><Event ErrorLevel="0" Project="" Source="Common.sln" Description="File successfully backed up as D:\.Net FrameWork\Common\Backup\Common.sln">
</Event><Event ErrorLevel="0" Project="" Source="Common.suo" Description="File successfully backed up as D:\.Net FrameWork\Common\Backup\Common.suo">
</Event><Event ErrorLevel="0" Project="Common" Source="Common.csproj" Description="Project file successfully backed up as D:\.Net FrameWork\Common\Backup\Common.csproj">
</Event><Event ErrorLevel="0" Project="Common" Source="Instrumentation\AppDomainNameFormatter.cs" Description="File successfully backed up as D:\.Net FrameWork\Common\Backup\Instrumentation\AppDomainNameFormatter.cs">
</Event><Event ErrorLevel="0" Project="Common" Source="Instrumentation\EnterpriseLibraryPerformanceCounter.cs" Description="File successfully backed up as D:\.Net FrameWork\Common\Backup\Instrumentation\EnterpriseLibraryPerformanceCounter.cs">
</Event><Event ErrorLevel="0" Project="Common" Source="Instrumentation\EventBinder.cs" Description="File successfully backed up as D:\.Net FrameWork\Common\Backup\Instrumentation\EventBinder.cs">
</Event><Event ErrorLevel="0" Project="Common" Source="Instrumentation\InstrumentationBaseAttribute.cs" Description="File successfully backed up as D:\.Net FrameWork\Common\Backup\Instrumentation\InstrumentationBaseAttribute.cs">
</Event><Event ErrorLevel="0" Project="Common" Source="Instrumentation\InstrumentationConsumerAttribute.cs" Description="File successfully backed up as D:\.Net FrameWork\Common\Backup\Instrumentation\InstrumentationConsumerAttribute.cs">
</Event><Event ErrorLevel="0" Project="Common" Source="Instrumentation\InstrumentationListenerAttribute.cs" Description="File successfully backed up as D:\.Net FrameWork\Common\Backup\Instrumentation\InstrumentationListenerAttribute.cs">
</Event><Event ErrorLevel="0" Project="Common" Source="Instrumentation\InstrumentationProviderAttribute.cs" Description="File successfully backed up as D:\.Net FrameWork\Common\Backup\Instrumentation\InstrumentationProviderAttribute.cs">
</Event><Event ErrorLevel="0" Project="Common" Source="Instrumentation\HasInstallableResourcesAttribute.cs" Description="File successfully backed up as D:\.Net FrameWork\Common\Backup\Instrumentation\HasInstallableResourcesAttribute.cs">
</Event><Event ErrorLevel="0" Project="Common" Source="Instrumentation\IPerformanceCounterNameFormatter.cs" Description="File successfully backed up as D:\.Net FrameWork\Common\Backup\Instrumentation\IPerformanceCounterNameFormatter.cs">
</Event><Event ErrorLevel="0" Project="Common" Source="Instrumentation\PerformanceCounterAttribute.cs" Description="File successfully backed up as D:\.Net FrameWork\Common\Backup\Instrumentation\PerformanceCounterAttribute.cs">
</Event><Event ErrorLevel="0" Project="Common" Source="Instrumentation\ReflectionInstrumentationBinder.cs" Description="File successfully backed up as D:\.Net FrameWork\Common\Backup\Instrumentation\ReflectionInstrumentationBinder.cs">
</Event><Event ErrorLevel="0" Project="Common" Source="Instrumentation\NoPrefixNameFormatter.cs" Description="File successfully backed up as D:\.Net FrameWork\Common\Backup\Instrumentation\NoPrefixNameFormatter.cs">
</Event><Event ErrorLevel="0" Project="Common" Source="Properties\AssemblyInfo.cs" Description="File successfully backed up as D:\.Net FrameWork\Common\Backup\Properties\AssemblyInfo.cs">
</Event><Event ErrorLevel="0" Project="Common" Source="Properties\Resources.Designer.cs" Description="File successfully backed up as D:\.Net FrameWork\Common\Backup\Properties\Resources.Designer.cs">
</Event><Event ErrorLevel="0" Project="Common" Source="Configuration\AssemblyQualifiedTypeNameConverter.cs" Description="File successfully backed up as D:\.Net FrameWork\Common\Backup\Configuration\AssemblyQualifiedTypeNameConverter.cs">
</Event><Event ErrorLevel="0" Project="Common" Source="Configuration\BaseFileConfigurationSourceImplementation.cs" Description="File successfully backed up as D:\.Net FrameWork\Common\Backup\Configuration\BaseFileConfigurationSourceImplementation.cs">
</Event><Event ErrorLevel="0" Project="Common" Source="Configuration\ByteArrayTypeConverter.cs" Description="File successfully backed up as D:\.Net FrameWork\Common\Backup\Configuration\ByteArrayTypeConverter.cs">
</Event><Event ErrorLevel="0" Project="Common" Source="Configuration\ConfigurationFileSourceWatcher.cs" Description="File successfully backed up as D:\.Net FrameWork\Common\Backup\Configuration\ConfigurationFileSourceWatcher.cs">
</Event><Event ErrorLevel="0" Project="Common" Source="Configuration\ConfigurationSourceElement.cs" Description="File successfully backed up as D:\.Net FrameWork\Common\Backup\Configuration\ConfigurationSourceElement.cs">
</Event><Event ErrorLevel="0" Project="Common" Source="Configuration\ConfigurationSourceFactory.cs" Description="File successfully backed up as D:\.Net FrameWork\Common\Backup\Configuration\ConfigurationSourceFactory.cs">
</Event><Event ErrorLevel="0" Project="Common" Source="Configuration\ConfigurationSourceSection.cs" Description="File successfully backed up as D:\.Net FrameWork\Common\Backup\Configuration\ConfigurationSourceSection.cs">
</Event><Event ErrorLevel="0" Project="Common" Source="Configuration\ConfigurationSourceWatcher.cs" Description="File successfully backed up as D:\.Net FrameWork\Common\Backup\Configuration\ConfigurationSourceWatcher.cs">
</Event><Event ErrorLevel="0" Project="Common" Source="Configuration\ConfigurationChangedEventArgs.cs" Description="File successfully backed up as D:\.Net FrameWork\Common\Backup\Configuration\ConfigurationChangedEventArgs.cs">
</Event><Event ErrorLevel="0" Project="Common" Source="Configuration\ConfigurationChangingEventArgs.cs" Description="File successfully backed up as D:\.Net FrameWork\Common\Backup\Configuration\ConfigurationChangingEventArgs.cs">
</Event><Event ErrorLevel="0" Project="Common" Source="Configuration\ConfigurationElementTypeAttribute.cs" Description="File successfully backed up as D:\.Net FrameWork\Common\Backup\Configuration\ConfigurationElementTypeAttribute.cs">
</Event><Event ErrorLevel="0" Project="Common" Source="Configuration\ConfigurationFileChangedEventArgs.cs" Description="File successfully backed up as D:\.Net FrameWork\Common\Backup\Configuration\ConfigurationFileChangedEventArgs.cs">
</Event><Event ErrorLevel="0" Project="Common" Source="Configuration\ConfigurationFileChangingEventArgs.cs" Description="File successfully backed up as D:\.Net FrameWork\Common\Backup\Configuration\ConfigurationFileChangingEventArgs.cs">
</Event><Event ErrorLevel="0" Project="Common" Source="Configuration\CustomProviderDataHelper.cs" Description="File successfully backed up as D:\.Net FrameWork\Common\Backup\Configuration\CustomProviderDataHelper.cs">
</Event><Event ErrorLevel="0" Project="Common" Source="Configuration\DictionaryConfigurationSource.cs" Description="File successfully backed up as D:\.Net FrameWork\Common\Backup\Configuration\DictionaryConfigurationSource.cs">
</Event><Event ErrorLevel="0" Project="Common" Source="Configuration\FileConfigurationSaveParameter.cs" Description="File successfully backed up as D:\.Net FrameWork\Common\Backup\Configuration\FileConfigurationSaveParameter.cs">
</Event><Event ErrorLevel="0" Project="Common" Source="Configuration\FileConfigurationSource.cs" Description="File successfully backed up as D:\.Net FrameWork\Common\Backup\Configuration\FileConfigurationSource.cs">
</Event><Event ErrorLevel="0" Project="Common" Source="Configuration\FileConfigurationSourceElement.cs" Description="File successfully backed up as D:\.Net FrameWork\Common\Backup\Configuration\FileConfigurationSourceElement.cs">
</Event><Event ErrorLevel="0" Project="Common" Source="Configuration\FileConfigurationSourceImplementation.cs" Description="File successfully backed up as D:\.Net FrameWork\Common\Backup\Configuration\FileConfigurationSourceImplementation.cs">
</Event><Event ErrorLevel="0" Project="Common" Source="Configuration\GenericEnumeratorWrapper.cs" Description="File successfully backed up as D:\.Net FrameWork\Common\Backup\Configuration\GenericEnumeratorWrapper.cs">
</Event><Event ErrorLevel="0" Project="Common" Source="Configuration\IConfigurationSource.cs" Description="File successfully backed up as D:\.Net FrameWork\Common\Backup\Configuration\IConfigurationSource.cs">
</Event><Event ErrorLevel="0" Project="Common" Source="Configuration\ICustomProviderData.cs" Description="File successfully backed up as D:\.Net FrameWork\Common\Backup\Configuration\ICustomProviderData.cs">
</Event><Event ErrorLevel="0" Project="Common" Source="Configuration\IHelperAssistedCustomConfigurationData.cs" Description="File successfully backed up as D:\.Net FrameWork\Common\Backup\Configuration\IHelperAssistedCustomConfigurationData.cs">
</Event><Event ErrorLevel="0" Project="Common" Source="Configuration\IObjectWithName.cs" Description="File successfully backed up as D:\.Net FrameWork\Common\Backup\Configuration\IObjectWithName.cs">
</Event><Event ErrorLevel="0" Project="Common" Source="Configuration\IObjectWithNameAndType.cs" Description="File successfully backed up as D:\.Net FrameWork\Common\Backup\Configuration\IObjectWithNameAndType.cs">
</Event><Event ErrorLevel="0" Project="Common" Source="Configuration\IProtectedConfigurationSource.cs" Description="File successfully backed up as D:\.Net FrameWork\Common\Backup\Configuration\IProtectedConfigurationSource.cs">
</Event><Event ErrorLevel="0" Project="Common" Source="Configuration\Manageability\Adm\AdmCategory.cs" Description="File successfully backed up as D:\.Net FrameWork\Common\Backup\Configuration\Manageability\Adm\AdmCategory.cs">
</Event><Event ErrorLevel="0" Project="Common" Source="Configuration\Manageability\Adm\AdmCheckboxPart.cs" Description="File successfully backed up as D:\.Net FrameWork\Common\Backup\Configuration\Manageability\Adm\AdmCheckboxPart.cs">
</Event><Event ErrorLevel="0" Project="Common" Source="Configuration\Manageability\Adm\AdmComboBoxPart.cs" Description="File successfully backed up as D:\.Net FrameWork\Common\Backup\Configuration\Manageability\Adm\AdmComboBoxPart.cs">
</Event><Event ErrorLevel="0" Project="Common" Source="Configuration\Manageability\Adm\AdmContent.cs" Description="File successfully backed up as D:\.Net FrameWork\Common\Backup\Configuration\Manageability\Adm\AdmContent.cs">
</Event><Event ErrorLevel="0" Project="Common" Source="Configuration\Manageability\Adm\AdmContentBuilder.cs" Description="File successfully backed up as D:\.Net FrameWork\Common\Backup\Configuration\Manageability\Adm\AdmContentBuilder.cs">
</Event><Event ErrorLevel="0" Project="Common" Source="Configuration\Manageability\Adm\AdmDropDownListItem.cs" Description="File successfully backed up as D:\.Net FrameWork\Common\Backup\Configuration\Manageability\Adm\AdmDropDownListItem.cs">
</Event><Event ErrorLevel="0" Project="Common" Source="Configuration\Manageability\Adm\AdmDropDownListPart.cs" Description="File successfully backed up as D:\.Net FrameWork\Common\Backup\Configuration\Manageability\Adm\AdmDropDownListPart.cs">
</Event><Event ErrorLevel="0" Project="Common" Source="Configuration\Manageability\Adm\AdmEditTextPart.cs" Description="File successfully backed up as D:\.Net FrameWork\Common\Backup\Configuration\Manageability\Adm\AdmEditTextPart.cs">
</Event><Event ErrorLevel="0" Project="Common" Source="Configuration\Manageability\Adm\AdministrativeTemplateGenerator.cs" Description="File successfully backed up as D:\.Net FrameWork\Common\Backup\Configuration\Manageability\Adm\AdministrativeTemplateGenerator.cs">
</Event><Event ErrorLevel="0" Project="Common" Source="Configuration\Manageability\Adm\AdmNumericPart.cs" Description="File successfully backed up as D:\.Net FrameWork\Common\Backup\Configuration\Manageability\Adm\AdmNumericPart.cs">
</Event><Event ErrorLevel="0" Project="Common" Source="Configuration\Manageability\Adm\AdmPart.cs" Description="File successfully backed up as D:\.Net FrameWork\Common\Backup\Configuration\Manageability\Adm\AdmPart.cs">
</Event><Event ErrorLevel="0" Project="Common" Source="Configuration\Manageability\Adm\AdmPolicy.cs" Description="File successfully backed up as D:\.Net FrameWork\Common\Backup\Configuration\Manageability\Adm\AdmPolicy.cs">
</Event><Event ErrorLevel="0" Project="Common" Source="Configuration\Manageability\Adm\AdmTextPart.cs" Description="File successfully backed up as D:\.Net FrameWork\Common\Backup\Configuration\Manageability\Adm\AdmTextPart.cs">
</Event><Event ErrorLevel="0" Project="Common" Source="Configuration\Manageability\ConfigurationChangeNotificationCoordinator.cs" Description="File successfully backed up as D:\.Net FrameWork\Common\Backup\Configuration\Manageability\ConfigurationChangeNotificationCoordinator.cs">
</Event><Event ErrorLevel="0" Project="Common" Source="Configuration\Manageability\ConfigurationChangeWatcherCoordinator.cs" Description="File successfully backed up as D:\.Net FrameWork\Common\Backup\Configuration\Manageability\ConfigurationChangeWatcherCoordinator.cs">
</Event><Event ErrorLevel="0" Project="Common" Source="Configuration\Manageability\ConfigurationElementManageabilityProvider.cs" Description="File successfully backed up as D:\.Net FrameWork\Common\Backup\Configuration\Manageability\ConfigurationElementManageabilityProvider.cs">
</Event><Event ErrorLevel="0" Project="Common" Source="Configuration\Manageability\ConfigurationElementManageabilityProviderAttribute.cs" Description="File successfully backed up as D:\.Net FrameWork\Common\Backup\Configuration\Manageability\ConfigurationElementManageabilityProviderAttribute.cs">
</Event><Event ErrorLevel="0" Project="Common" Source="Configuration\Manageability\ConfigurationElementManageabilityProviderBase.cs" Description="File successfully backed up as D:\.Net FrameWork\Common\Backup\Configuration\Manageability\ConfigurationElementManageabilityProviderBase.cs">
</Event><Event ErrorLevel="0" Project="Common" Source="Configuration\Manageability\ConfigurationInstanceConfigurationAccessor.cs" Description="File successfully backed up as D:\.Net FrameWork\Common\Backup\Configuration\Manageability\ConfigurationInstanceConfigurationAccessor.cs">
</Event><Event ErrorLevel="0" Project="Common" Source="Configuration\Manageability\ConfigurationManageabilityProviderAttributeRetriever.cs" Description="File successfully backed up as D:\.Net FrameWork\Common\Backup\Configuration\Manageability\ConfigurationManageabilityProviderAttributeRetriever.cs">
</Event><Event ErrorLevel="0" Project="Common" Source="Configuration\Manageability\ConfigurationSectionManageabilityProvider.cs" Description="File successfully backed up as D:\.Net FrameWork\Common\Backup\Configuration\Manageability\ConfigurationSectionManageabilityProvider.cs">
</Event><Event ErrorLevel="0" Project="Common" Source="Configuration\Manageability\ConfigurationSectionManageabilityProviderAttribute.cs" Description="File successfully backed up as D:\.Net FrameWork\Common\Backup\Configuration\Manageability\ConfigurationSectionManageabilityProviderAttribute.cs">
</Event><Event ErrorLevel="0" Project="Common" Source="Configuration\Manageability\ConfigurationSectionManageabilityProviderBase.cs" Description="File successfully backed up as D:\.Net FrameWork\Common\Backup\Configuration\Manageability\ConfigurationSectionManageabilityProviderBase.cs">
</Event><Event ErrorLevel="0" Project="Common" Source="Configuration\Manageability\Configuration\ConfigurationElementManageabilityProviderData.cs" Description="File successfully backed up as D:\.Net FrameWork\Common\Backup\Configuration\Manageability\Configuration\ConfigurationElementManageabilityProviderData.cs">
</Event><Event ErrorLevel="0" Project="Common" Source="Configuration\Manageability\Configuration\ConfigurationSectionManageabilityProviderData.cs" Description="File successfully backed up as D:\.Net FrameWork\Common\Backup\Configuration\Manageability\Configuration\ConfigurationSectionManageabilityProviderData.cs">
</Event><Event ErrorLevel="0" Project="Common" Source="Configuration\Manageability\Configuration\ManageableConfigurationSourceElement.cs" Description="File successfully backed up as D:\.Net FrameWork\Common\Backup\Configuration\Manageability\Configuration\ManageableConfigurationSourceElement.cs">
</Event><Event ErrorLevel="0" Project="Common" Source="Configuration\Manageability\CustomProviderDataManageabilityProvider.cs" Description="File successfully backed up as D:\.Net FrameWork\Common\Backup\Configuration\Manageability\CustomProviderDataManageabilityProvider.cs">
</Event><Event ErrorLevel="0" Project="Common" Source="Configuration\Manageability\GroupPolicyWatcher.cs" Description="File successfully backed up as D:\.Net FrameWork\Common\Backup\Configuration\Manageability\GroupPolicyWatcher.cs">
</Event><Event ErrorLevel="0" Project="Common" Source="Configuration\Manageability\IConfigurationAccessor.cs" Description="File successfully backed up as D:\.Net FrameWork\Common\Backup\Configuration\Manageability\IConfigurationAccessor.cs">
</Event><Event ErrorLevel="0" Project="Common" Source="Configuration\Manageability\IGroupPolicyWatcher.cs" Description="File successfully backed up as D:\.Net FrameWork\Common\Backup\Configuration\Manageability\IGroupPolicyWatcher.cs">
</Event><Event ErrorLevel="0" Project="Common" Source="Configuration\Manageability\IManageabilityHelper.cs" Description="File successfully backed up as D:\.Net FrameWork\Common\Backup\Configuration\Manageability\IManageabilityHelper.cs">
</Event><Event ErrorLevel="0" Project="Common" Source="Configuration\Manageability\ImplementationKey.cs" Description="File successfully backed up as D:\.Net FrameWork\Common\Backup\Configuration\Manageability\ImplementationKey.cs">
</Event><Event ErrorLevel="0" Project="Common" Source="Configuration\Manageability\ImplementationKeyComparer.cs" Description="File successfully backed up as D:\.Net FrameWork\Common\Backup\Configuration\Manageability\ImplementationKeyComparer.cs">
</Event><Event ErrorLevel="0" Project="Common" Source="Configuration\Manageability\Installer.cs" Description="File successfully backed up as D:\.Net FrameWork\Common\Backup\Configuration\Manageability\Installer.cs">
</Event><Event ErrorLevel="0" Project="Common" Source="Configuration\Manageability\InstrumentationConfigurationSectionManageabilityProvider.cs" Description="File successfully backed up as D:\.Net FrameWork\Common\Backup\Configuration\Manageability\InstrumentationConfigurationSectionManageabilityProvider.cs">
</Event><Event ErrorLevel="0" Project="Common" Source="Configuration\Manageability\InstrumentationWmiPublisher.cs" Description="File successfully backed up as D:\.Net FrameWork\Common\Backup\Configuration\Manageability\InstrumentationWmiPublisher.cs">
</Event><Event ErrorLevel="0" Project="Common" Source="Configuration\Manageability\IRegistryAccessor.cs" Description="File successfully backed up as D:\.Net FrameWork\Common\Backup\Configuration\Manageability\IRegistryAccessor.cs">
</Event><Event ErrorLevel="0" Project="Common" Source="Configuration\Manageability\IRegistryKey.cs" Description="File successfully backed up as D:\.Net FrameWork\Common\Backup\Configuration\Manageability\IRegistryKey.cs">
</Event><Event ErrorLevel="0" Project="Common" Source="Configuration\Manageability\IWmiPublisher.cs" Description="File successfully backed up as D:\.Net FrameWork\Common\Backup\Configuration\Manageability\IWmiPublisher.cs">
</Event><Event ErrorLevel="0" Project="Common" Source="Configuration\Manageability\KeyValuePairEncoder.cs" Description="File successfully backed up as D:\.Net FrameWork\Common\Backup\Configuration\Manageability\KeyValuePairEncoder.cs">
</Event><Event ErrorLevel="0" Project="Common" Source="Configuration\Manageability\KeyValuePairParser.cs" Description="File successfully backed up as D:\.Net FrameWork\Common\Backup\Configuration\Manageability\KeyValuePairParser.cs">
</Event><Event ErrorLevel="0" Project="Common" Source="Configuration\Manageability\ManageabilityExtensionsLogger.cs" Description="File successfully backed up as D:\.Net FrameWork\Common\Backup\Configuration\Manageability\ManageabilityExtensionsLogger.cs">
</Event><Event ErrorLevel="0" Project="Common" Source="Configuration\Manageability\ManageabilityHelper.cs" Description="File successfully backed up as D:\.Net FrameWork\Common\Backup\Configuration\Manageability\ManageabilityHelper.cs">
</Event><Event ErrorLevel="0" Project="Common" Source="Configuration\Manageability\ManageableConfigurationSource.cs" Description="File successfully backed up as D:\.Net FrameWork\Common\Backup\Configuration\Manageability\ManageableConfigurationSource.cs">
</Event><Event ErrorLevel="0" Project="Common" Source="Configuration\Manageability\ManageableConfigurationSourceImplementation.cs" Description="File successfully backed up as D:\.Net FrameWork\Common\Backup\Configuration\Manageability\ManageableConfigurationSourceImplementation.cs">
</Event><Event ErrorLevel="0" Project="Common" Source="Configuration\Manageability\ManageableConfigurationSourceSingletonHelper.cs" Description="File successfully backed up as D:\.Net FrameWork\Common\Backup\Configuration\Manageability\ManageableConfigurationSourceSingletonHelper.cs">
</Event><Event ErrorLevel="0" Project="Common" Source="Configuration\Manageability\NativeMethods.cs" Description="File successfully backed up as D:\.Net FrameWork\Common\Backup\Configuration\Manageability\NativeMethods.cs">
</Event><Event ErrorLevel="0" Project="Common" Source="Configuration\Manageability\Properties\AssemblyInfo.cs" Description="File successfully backed up as D:\.Net FrameWork\Common\Backup\Configuration\Manageability\Properties\AssemblyInfo.cs">
</Event><Event ErrorLevel="0" Project="Common" Source="Configuration\Manageability\Properties\Resources.Designer.cs" Description="File successfully backed up as D:\.Net FrameWork\Common\Backup\Configuration\Manageability\Properties\Resources.Designer.cs">
</Event><Event ErrorLevel="0" Project="Common" Source="Configuration\Manageability\RegistryAccessException.cs" Description="File successfully backed up as D:\.Net FrameWork\Common\Backup\Configuration\Manageability\RegistryAccessException.cs">
</Event><Event ErrorLevel="0" Project="Common" Source="Configuration\Manageability\RegistryAccessor.cs" Description="File successfully backed up as D:\.Net FrameWork\Common\Backup\Configuration\Manageability\RegistryAccessor.cs">
</Event><Event ErrorLevel="0" Project="Common" Source="Configuration\Manageability\RegistryKeyBase.cs" Description="File successfully backed up as D:\.Net FrameWork\Common\Backup\Configuration\Manageability\RegistryKeyBase.cs">
</Event><Event ErrorLevel="0" Project="Common" Source="Configuration\Manageability\RegistryKeyWrapper.cs" Description="File successfully backed up as D:\.Net FrameWork\Common\Backup\Configuration\Manageability\RegistryKeyWrapper.cs">
</Event><Event ErrorLevel="0" Project="Common" Source="Configuration\Manageability\Wmi\ConfigurationSetting.cs" Description="File successfully backed up as D:\.Net FrameWork\Common\Backup\Configuration\Manageability\Wmi\ConfigurationSetting.cs">
</Event><Event ErrorLevel="0" Project="Common" Source="Configuration\Manageability\Wmi\InstrumentationSetting.cs" Description="File successfully backed up as D:\.Net FrameWork\Common\Backup\Configuration\Manageability\Wmi\InstrumentationSetting.cs">
</Event><Event ErrorLevel="0" Project="Common" Source="Configuration\Manageability\Wmi\NamedConfigurationSetting.cs" Description="File successfully backed up as D:\.Net FrameWork\Common\Backup\Configuration\Manageability\Wmi\NamedConfigurationSetting.cs">
</Event><Event ErrorLevel="0" Project="Common" Source="Configuration\NamedConfigurationElement.cs" Description="File successfully backed up as D:\.Net FrameWork\Common\Backup\Configuration\NamedConfigurationElement.cs">
</Event><Event ErrorLevel="0" Project="Common" Source="Configuration\NamedElementCollection.cs" Description="File successfully backed up as D:\.Net FrameWork\Common\Backup\Configuration\NamedElementCollection.cs">
</Event><Event ErrorLevel="0" Project="Common" Source="Configuration\NameTypeConfigurationElement.cs" Description="File successfully backed up as D:\.Net FrameWork\Common\Backup\Configuration\NameTypeConfigurationElement.cs">
</Event><Event ErrorLevel="0" Project="Common" Source="Configuration\NameTypeConfigurationElementCollection.cs" Description="File successfully backed up as D:\.Net FrameWork\Common\Backup\Configuration\NameTypeConfigurationElementCollection.cs">
</Event><Event ErrorLevel="0" Project="Common" Source="Configuration\NullConfigurationSource.cs" Description="File successfully backed up as D:\.Net FrameWork\Common\Backup\Configuration\NullConfigurationSource.cs">
</Event><Event ErrorLevel="0" Project="Common" Source="Configuration\ObjectBuilder\AssemblerAttribute.cs" Description="File successfully backed up as D:\.Net FrameWork\Common\Backup\Configuration\ObjectBuilder\AssemblerAttribute.cs">
</Event><Event ErrorLevel="0" Project="Common" Source="Configuration\ObjectBuilder\AssemblerBasedCustomFactory.cs" Description="File successfully backed up as D:\.Net FrameWork\Common\Backup\Configuration\ObjectBuilder\AssemblerBasedCustomFactory.cs">
</Event><Event ErrorLevel="0" Project="Common" Source="Configuration\ObjectBuilder\ConfigurationReflectionCache.cs" Description="File successfully backed up as D:\.Net FrameWork\Common\Backup\Configuration\ObjectBuilder\ConfigurationReflectionCache.cs">
</Event><Event ErrorLevel="0" Project="Common" Source="Configuration\ObjectBuilder\CustomProviderAssembler.cs" Description="File successfully backed up as D:\.Net FrameWork\Common\Backup\Configuration\ObjectBuilder\CustomProviderAssembler.cs">
</Event><Event ErrorLevel="0" Project="Common" Source="Configuration\ObjectBuilder\Extensions\CustomFactoryAttribute.cs" Description="File successfully backed up as D:\.Net FrameWork\Common\Backup\Configuration\ObjectBuilder\Extensions\CustomFactoryAttribute.cs">
</Event><Event ErrorLevel="0" Project="Common" Source="Configuration\ObjectBuilder\Extensions\ExplicitInstrumentationAttacher.cs" Description="File successfully backed up as D:\.Net FrameWork\Common\Backup\Configuration\ObjectBuilder\Extensions\ExplicitInstrumentationAttacher.cs">
</Event><Event ErrorLevel="0" Project="Common" Source="Configuration\ObjectBuilder\Extensions\IReflectionCachePolicy.cs" Description="File successfully backed up as D:\.Net FrameWork\Common\Backup\Configuration\ObjectBuilder\Extensions\IReflectionCachePolicy.cs">
</Event><Event ErrorLevel="0" Project="Common" Source="Configuration\ObjectBuilder\Extensions\ReflectionCachePolicy.cs" Description="File successfully backed up as D:\.Net FrameWork\Common\Backup\Configuration\ObjectBuilder\Extensions\ReflectionCachePolicy.cs">
</Event><Event ErrorLevel="0" Project="Common" Source="Configuration\ObjectBuilder\Extensions\IInstrumentationAttacher.cs" Description="File successfully backed up as D:\.Net FrameWork\Common\Backup\Configuration\ObjectBuilder\Extensions\IInstrumentationAttacher.cs">
</Event><Event ErrorLevel="0" Project="Common" Source="Configuration\ObjectBuilder\Extensions\ReflectionInstrumentationAttacher.cs" Description="File successfully backed up as D:\.Net FrameWork\Common\Backup\Configuration\ObjectBuilder\Extensions\ReflectionInstrumentationAttacher.cs">
</Event><Event ErrorLevel="0" Project="Common" Source="Configuration\ObjectBuilder\Extensions\InstrumentationAttacherFactory.cs" Description="File successfully backed up as D:\.Net FrameWork\Common\Backup\Configuration\ObjectBuilder\Extensions\InstrumentationAttacherFactory.cs">
</Event><Event ErrorLevel="0" Project="Common" Source="Configuration\ObjectBuilder\Extensions\NoBindingInstrumentationAttacher.cs" Description="File successfully backed up as D:\.Net FrameWork\Common\Backup\Configuration\ObjectBuilder\Extensions\NoBindingInstrumentationAttacher.cs">
</Event><Event ErrorLevel="0" Project="Common" Source="Configuration\ObjectBuilder\IAssembler.cs" Description="File successfully backed up as D:\.Net FrameWork\Common\Backup\Configuration\ObjectBuilder\IAssembler.cs">
</Event><Event ErrorLevel="0" Project="Common" Source="Configuration\ObjectBuilder\ICustomFactory.cs" Description="File successfully backed up as D:\.Net FrameWork\Common\Backup\Configuration\ObjectBuilder\ICustomFactory.cs">
</Event><Event ErrorLevel="0" Project="Common" Source="Configuration\ObjectBuilder\LocatorNameTypeFactoryBase.cs" Description="File successfully backed up as D:\.Net FrameWork\Common\Backup\Configuration\ObjectBuilder\LocatorNameTypeFactoryBase.cs">
</Event><Event ErrorLevel="0" Project="Common" Source="Configuration\ObjectBuilder\EnterpriseLibraryFactory.cs" Description="File successfully backed up as D:\.Net FrameWork\Common\Backup\Configuration\ObjectBuilder\EnterpriseLibraryFactory.cs">
</Event><Event ErrorLevel="0" Project="Common" Source="Configuration\ObjectBuilder\Extensions\ConfigurationNameMapperAttribute.cs" Description="File successfully backed up as D:\.Net FrameWork\Common\Backup\Configuration\ObjectBuilder\Extensions\ConfigurationNameMapperAttribute.cs">
</Event><Event ErrorLevel="0" Project="Common" Source="Configuration\ObjectBuilder\Extensions\ConfigurationNameMappingStrategy.cs" Description="File successfully backed up as D:\.Net FrameWork\Common\Backup\Configuration\ObjectBuilder\Extensions\ConfigurationNameMappingStrategy.cs">
</Event><Event ErrorLevel="0" Project="Common" Source="Configuration\ObjectBuilder\Extensions\ConfigurationNameProvider.cs" Description="File successfully backed up as D:\.Net FrameWork\Common\Backup\Configuration\ObjectBuilder\Extensions\ConfigurationNameProvider.cs">
</Event><Event ErrorLevel="0" Project="Common" Source="Configuration\ObjectBuilder\Extensions\ConfigurationObjectPolicy.cs" Description="File successfully backed up as D:\.Net FrameWork\Common\Backup\Configuration\ObjectBuilder\Extensions\ConfigurationObjectPolicy.cs">
</Event><Event ErrorLevel="0" Project="Common" Source="Configuration\ObjectBuilder\Extensions\ConfiguredObjectStrategy.cs" Description="File successfully backed up as D:\.Net FrameWork\Common\Backup\Configuration\ObjectBuilder\Extensions\ConfiguredObjectStrategy.cs">
</Event><Event ErrorLevel="0" Project="Common" Source="Configuration\ObjectBuilder\Extensions\EnterpriseLibraryBuilderStrategy.cs" Description="File successfully backed up as D:\.Net FrameWork\Common\Backup\Configuration\ObjectBuilder\Extensions\EnterpriseLibraryBuilderStrategy.cs">
</Event><Event ErrorLevel="0" Project="Common" Source="Configuration\ObjectBuilder\Extensions\IConfigurationNameMapper.cs" Description="File successfully backed up as D:\.Net FrameWork\Common\Backup\Configuration\ObjectBuilder\Extensions\IConfigurationNameMapper.cs">
</Event><Event ErrorLevel="0" Project="Common" Source="Configuration\ObjectBuilder\Extensions\IConfigurationObjectPolicy.cs" Description="File successfully backed up as D:\.Net FrameWork\Common\Backup\Configuration\ObjectBuilder\Extensions\IConfigurationObjectPolicy.cs">
</Event><Event ErrorLevel="0" Project="Common" Source="Configuration\ObjectBuilder\Extensions\InstrumentationAttachmentStrategy.cs" Description="File successfully backed up as D:\.Net FrameWork\Common\Backup\Configuration\ObjectBuilder\Extensions\InstrumentationAttachmentStrategy.cs">
</Event><Event ErrorLevel="0" Project="Common" Source="Configuration\ObjectBuilder\Extensions\InstrumentationStrategy.cs" Description="File successfully backed up as D:\.Net FrameWork\Common\Backup\Configuration\ObjectBuilder\Extensions\InstrumentationStrategy.cs">
</Event><Event ErrorLevel="0" Project="Common" Source="Configuration\ObjectBuilder\NameTypeFactoryBase.cs" Description="File successfully backed up as D:\.Net FrameWork\Common\Backup\Configuration\ObjectBuilder\NameTypeFactoryBase.cs">
</Event><Event ErrorLevel="0" Project="Common" Source="Configuration\ObjectBuilder\AssemblerBasedObjectFactory.cs" Description="File successfully backed up as D:\.Net FrameWork\Common\Backup\Configuration\ObjectBuilder\AssemblerBasedObjectFactory.cs">
</Event><Event ErrorLevel="0" Project="Common" Source="Configuration\ObjectBuilder\TypeInstantiationAssembler.cs" Description="File successfully backed up as D:\.Net FrameWork\Common\Backup\Configuration\ObjectBuilder\TypeInstantiationAssembler.cs">
</Event><Event ErrorLevel="0" Project="Common" Source="Configuration\PolymorphicConfigurationElementCollection.cs" Description="File successfully backed up as D:\.Net FrameWork\Common\Backup\Configuration\PolymorphicConfigurationElementCollection.cs">
</Event><Event ErrorLevel="0" Project="Common" Source="Configuration\SerializableConfigurationSection.cs" Description="File successfully backed up as D:\.Net FrameWork\Common\Backup\Configuration\SerializableConfigurationSection.cs">
</Event><Event ErrorLevel="0" Project="Common" Source="Configuration\Storage\ConfigurationChangeFileWatcher.cs" Description="File successfully backed up as D:\.Net FrameWork\Common\Backup\Configuration\Storage\ConfigurationChangeFileWatcher.cs">
</Event><Event ErrorLevel="0" Project="Common" Source="Configuration\Storage\ConfigurationChangeWatcher.cs" Description="File successfully backed up as D:\.Net FrameWork\Common\Backup\Configuration\Storage\ConfigurationChangeWatcher.cs">
</Event><Event ErrorLevel="0" Project="Common" Source="Configuration\Storage\ConfigurationChangeWatcherPauser.cs" Description="File successfully backed up as D:\.Net FrameWork\Common\Backup\Configuration\Storage\ConfigurationChangeWatcherPauser.cs">
</Event><Event ErrorLevel="0" Project="Common" Source="Configuration\Storage\IConfigurationChangeWatcher.cs" Description="File successfully backed up as D:\.Net FrameWork\Common\Backup\Configuration\Storage\IConfigurationChangeWatcher.cs">
</Event><Event ErrorLevel="0" Project="Common" Source="Configuration\SystemConfigurationSource.cs" Description="File successfully backed up as D:\.Net FrameWork\Common\Backup\Configuration\SystemConfigurationSource.cs">
</Event><Event ErrorLevel="0" Project="Common" Source="Configuration\SystemConfigurationSourceElement.cs" Description="File successfully backed up as D:\.Net FrameWork\Common\Backup\Configuration\SystemConfigurationSourceElement.cs">
</Event><Event ErrorLevel="0" Project="Common" Source="Configuration\SystemConfigurationSourceImplementation.cs" Description="File successfully backed up as D:\.Net FrameWork\Common\Backup\Configuration\SystemConfigurationSourceImplementation.cs">
</Event><Event ErrorLevel="0" Project="Common" Source="Instrumentation\CommonWmiInstaller.cs" Description="File successfully backed up as D:\.Net FrameWork\Common\Backup\Instrumentation\CommonWmiInstaller.cs">
</Event><Event ErrorLevel="0" Project="Common" Source="Instrumentation\CommonWmiInstaller.Designer.cs" Description="File successfully backed up as D:\.Net FrameWork\Common\Backup\Instrumentation\CommonWmiInstaller.Designer.cs">
</Event><Event ErrorLevel="0" Project="Common" Source="Instrumentation\AbstractInstallerBuilder.cs" Description="File successfully backed up as D:\.Net FrameWork\Common\Backup\Instrumentation\AbstractInstallerBuilder.cs">
</Event><Event ErrorLevel="0" Project="Common" Source="Instrumentation\Configuration\InstrumentationConfigurationSection.cs" Description="File successfully backed up as D:\.Net FrameWork\Common\Backup\Instrumentation\Configuration\InstrumentationConfigurationSection.cs">
</Event><Event ErrorLevel="0" Project="Common" Source="Instrumentation\DefaultEventLoggerCustomFactoryBase.cs" Description="File successfully backed up as D:\.Net FrameWork\Common\Backup\Instrumentation\DefaultEventLoggerCustomFactoryBase.cs">
</Event><Event ErrorLevel="0" Project="Common" Source="Instrumentation\EnterpriseLibraryPerformanceCounterFactory.cs" Description="File successfully backed up as D:\.Net FrameWork\Common\Backup\Instrumentation\EnterpriseLibraryPerformanceCounterFactory.cs">
</Event><Event ErrorLevel="0" Project="Common" Source="Instrumentation\EventLogDefinitionAttribute.cs" Description="File successfully backed up as D:\.Net FrameWork\Common\Backup\Instrumentation\EventLogDefinitionAttribute.cs">
</Event><Event ErrorLevel="0" Project="Common" Source="Instrumentation\EventLogEntryFormatter.cs" Description="File successfully backed up as D:\.Net FrameWork\Common\Backup\Instrumentation\EventLogEntryFormatter.cs">
</Event><Event ErrorLevel="0" Project="Common" Source="Instrumentation\EventLogInstallerBuilder.cs" Description="File successfully backed up as D:\.Net FrameWork\Common\Backup\Instrumentation\EventLogInstallerBuilder.cs">
</Event><Event ErrorLevel="0" Project="Common" Source="Instrumentation\IEventLogEntryFormatter.cs" Description="File successfully backed up as D:\.Net FrameWork\Common\Backup\Instrumentation\IEventLogEntryFormatter.cs">
</Event><Event ErrorLevel="0" Project="Common" Source="Instrumentation\IInstrumentationEventProvider.cs" Description="File successfully backed up as D:\.Net FrameWork\Common\Backup\Instrumentation\IInstrumentationEventProvider.cs">
</Event><Event ErrorLevel="0" Project="Common" Source="Instrumentation\IExplicitInstrumentationBinder.cs" Description="File successfully backed up as D:\.Net FrameWork\Common\Backup\Instrumentation\IExplicitInstrumentationBinder.cs">
</Event><Event ErrorLevel="0" Project="Common" Source="Instrumentation\InstrumentationListener.cs" Description="File successfully backed up as D:\.Net FrameWork\Common\Backup\Instrumentation\InstrumentationListener.cs">
</Event><Event ErrorLevel="0" Project="Common" Source="Instrumentation\PerformanceCounterInstallerBuilder.cs" Description="File successfully backed up as D:\.Net FrameWork\Common\Backup\Instrumentation\PerformanceCounterInstallerBuilder.cs">
</Event><Event ErrorLevel="0" Project="Common" Source="Instrumentation\PerformanceCounterInstanceName.cs" Description="File successfully backed up as D:\.Net FrameWork\Common\Backup\Instrumentation\PerformanceCounterInstanceName.cs">
</Event><Event ErrorLevel="0" Project="Common" Source="Instrumentation\PerformanceCountersDefinitionAttribute.cs" Description="File successfully backed up as D:\.Net FrameWork\Common\Backup\Instrumentation\PerformanceCountersDefinitionAttribute.cs">
</Event><Event ErrorLevel="0" Project="Common" Source="Instrumentation\ReflectionInstaller.cs" Description="File successfully backed up as D:\.Net FrameWork\Common\Backup\Instrumentation\ReflectionInstaller.cs">
</Event><Event ErrorLevel="0" Project="Common" Source="Instrumentation\BaseWmiEvent.cs" Description="File successfully backed up as D:\.Net FrameWork\Common\Backup\Instrumentation\BaseWmiEvent.cs">
</Event><Event ErrorLevel="0" Project="Common" Source="ResourceStringLoader.cs" Description="File successfully backed up as D:\.Net FrameWork\Common\Backup\ResourceStringLoader.cs">
</Event><Event ErrorLevel="0" Project="Common" Source="Configuration\Manageability\Properties\Resources.resx" Description="File successfully backed up as D:\.Net FrameWork\Common\Backup\Configuration\Manageability\Properties\Resources.resx">
</Event><Event ErrorLevel="0" Project="Common" Source="Properties\Resources.resx" Description="File successfully backed up as D:\.Net FrameWork\Common\Backup\Properties\Resources.resx">
</Event><Event ErrorLevel="0" Project="Common" Source="Common.csproj" Description="Project converted successfully">
</Event><Event ErrorLevel="3" Project="Common" Source="Common.csproj" Description="Converted">
</Event><Event ErrorLevel="0" Project="" Source="Common.sln" Description="Solution converted successfully">
</Event><Event ErrorLevel="3" Project="" Source="Common.sln" Description="Converted">
</Event><Event ErrorLevel="0" Project="Common" Source="Common.csproj" Description="Scan complete: Upgrade not required for project files.">
</Event></UpgradeLog>